oil,essential oil
sugar syrup,sugars
sugar syrup,sugar
sugar syrup,inverted sugar syrup
sugar syrup,simple syrup
sugar syrup,simple sugars
sugar syrup,invert sugar
fruits,fruit
sugarcane,sugarcane molasses
table sugar,sugar
sugar water,sugars
sugar water,sugar
sugars,sugar
sugars,simple sugars
sugars,invert sugar
sugar,simple sugars
sugar,invert sugar
bar syrup,simple syrup
maltodextrin,maltodextrines
roasted coffee beans,coffee beans
tomato puree,tomatoes
coffee,coffee bean
cardamum,cardamom
savoiardi,leek
savoiardi,baklava
savoiardi,biryani
chesse,leek
chesse,baklava
leek,baklava
leek,biryani
fish,seafood
coffee beans,coffee bean
cinnamon,cardamon
chili peppers,chili pepper
chili peppers,chilli peppers
simple syrup,invert syrup
goulash,gochugaru
simple sugars,invert sugar
bread,breadcrumbs
pastry,filo pastry
romaine lettuce,cos lettuce
baklava,biryani
eggs,egg
